id,company,last_name,first_name,phone,address,city_and_state,postal_code,country
103,Atelier graphique,Schmitt,Carine,40.32.2555,54 Rue Royale,Nantes,44000,France
112,Signal Gift Stores,King,Jean,7025551838,8940 Strong St.,Las Vegas NV,83030,USA
114,Australian Collectors Co.,Ferguson,Peter,03 5422 4555,636 St Kilda Road Level 3,Melbourne Victoria,3004,Australia
119,La Rochelle Gifts,Labrune,Janine,40.42.3677,43 Rue des Cinquante Otages,Nantes,44000,France
121,Baane Mini Imports,Bergulfsen,Jonas,31 12 2555,2577 Erling Skakkes gate 78,Stavern,4110,Norway
124,Mini Gifts Distributors Ltd.,Nelson,Susan,31 12 3545,5677 Strong St.,San Rafael CA,97562,USA
125,Havel & Zbyszek Co,Piestrzeniewicz,Zbyszek ,(26) 642-7555,ul. Filtrowa 68,Warszawa,01-012,Poland
128,Blauer See Auto Co.,Keitel,Roland,+49 69 66 90 2555,Lyonerstr. 34,Frankfurt,60528,Germany
129,Mini Wheels Co.,Murphy,Julie,6505555787,5557 North Pendale Street,San Francisco CA,94217,USA
131,Land of Toys Inc.,Lee,Kwai,2125557818,897 Long Airport Avenue,NYC NY,10022,USA
141,Euro+ Shopping Channel,Freyre,Diego ,(91) 555 94 44,C/ Moralzarzal,Madrid,28034,Spain
144,Volvo Model Replicas Co,Berglund,Christina ,0921-12 3555,Berguvsvgen  8,Lule,S-958 22,Sweden
145,Danish Wholesale Imports,Petersen,Jytte ,31 12 3555,Vinbltet 34,Kobenhavn,1734,Denmark
146,Saveley & Henriot Co.,Saveley,Mary ,78.32.5555,Rue du Commerce,Lyon,69004,France
148,Dragon Souveniers,Natividad,Eric,+65 221 7555,Bronz Sok.,Singapore,79903,Singapore
151,Muscle Machine Inc,Young,Jeff,2125557413,4092 Furth Circle,NYC NY,10022,USA
157,Diecast Classics Inc.,Leong,Kelvin,2155551555,7586 Pompton St.,Allentown PA,70267,USA
161,Technics Stores Inc.,Hashimoto,Juri,6505556809,9408 Furth Circle,Burlingame CA,94217,USA
166,Handji Gifts& Co,Victorino,Wendy,+65 224 1555,106 Linden Road Sandown,Singapore,69045,Singapore
167,Herkku Gifts,Oeztan,Veysel,+47 2267 3215,Brehmen St. 121,Bergen,5804,Norway  
168,American Souvenirs Inc,Franco,Keith,2035557845,149 Spinnaker Dr.,New Haven CT,97823,USA
169,Porto Imports Co.,de Castro,Isabel ,(1) 356-5555,Estrada da sade n. 58,Lisboa,1756,Portugal
171,Daedalus Designs Imports,Ranc�,Martine ,20.16.1555,184 Chausse de Tournai ,Lille,59000,France
172,La Corne D'abondance Co.,Bertrand,Marie,(1) 42.34.2555,265  boulevard Charonne,Paris,75012,France
173,Cambridge Collectables Co.,Tseng,Jerry,6175555555,4658 Baden Av.,Cambridge MA,51247,USA
175,Gift Depot Inc.,King,Julie,2035552570,25593 South Bay Ln.,Bridgewater CT,97562,USA
177,Osaka Souveniers Co.,Kentary,Mory,+81 06 6342 5555,1-6-20 Dojima,Osaka, 530-0003,Japan
181,Vitachrome Inc.,Frick,Michael,2125551500,2678 Kingston Rd.,NYC NY,10022,USA
186,Toys of Finland Co.,Karttunen,Matti,90-224 8555,Keskuskatu 45,Helsinki,21240,Finland
187,AV Stores Co.,Ashworth,Rachel,(171) 555-1555,Fauntleroy Circus,Manchester,EC2 5NT,UK
189,Clover Collections Co.,Cassidy,Dean,+353 1862 1555,25 Maiden Lane,Dublin,2,Ireland
198,Auto-Moto Classics Inc.,Taylor,Leslie,6175558428,16780 Pompton St.,Brickhaven MA,58339,USA
201,UK Collectables,Devon,Elizabeth,(171) 555-2282,12  Berkeley Gardens Blvd,Liverpool,WX1 6LT,UK
202,Canadian Gift Exchange Network,Tamuri,Yoshi ,(604) 555-3392,1900 Oak St.,Vancouver BC,V3F 2K1,Canada
204,Online Mini Collectables,Barajas,Miguel,6175557555,7635 Spinnaker Dr.,Brickhaven MA,58339,USA
205,Toys4GrownUps.com,Young,Julie,6265557265,78934 Hillside Dr.,Pasadena CA,90003,USA
206,Asian Shopping Network Co,Walker,Brydey,+612 9411 1555,Suntec Tower Three,Singapore,38988,Singapore
209,Mini Caravy,Citeaux,Frdrique ,88.60.1555,24  place Klber,Strasbourg,67000,France
211,King Kong Collectables Co.,Gao,Mike,+852 2251 1555,Bank of China Tower,1 Garden Road,Central Hong Kong,Hong Kong
216,Enaco Distributors,Saavedra,Eduardo ,(93) 203 4555,Rambla de Catalua,Barcelona,8022,Spain
219,Boards & Toys Co.,Young,Mary,3105552373,4097 Douglas Av.,Glendale CA,92561,USA
223,Naturlich Autos,Kloss,Horst ,0372-555188,Taucherstra�e 10,Cunewalde,1307,Germany
227,Heintze Collectables,Ibsen,Palle,86 21 3555,Smagsloget 45,rhus,8200,Denmark
233,Quebec Home Shopping Network,Fresni�re,Jean ,(514) 555-8054,43 rue St. Laurent,Montral QC,H1J 1C3,Canada
237,ANG Resellers,Camino,Alejandra ,(91) 745 6555,Gran V�a,Madrid,28001,Spain
239,Collectable Mini Designs Co.,Thompson,Valarie,7605558146,361 Furth Circle,San Diego CA,91217,USA
240,giftsbymail.co.uk,Bennett,Helen ,(198) 555-8888,Garden House Crowther Way 23,Cowes Isle of Wight,PO31 7PJ,UK
242,Alpha Cognac,Roulet,Annette ,61.77.6555,1 rue Alsace-Lorraine,Toulouse,31000,France
247,Messner Shopping Network,Messner,Renate ,069-0555984,Magazinweg 7,Frankfurt,60528,Germany
249,Amica Models & Co.,Accorti,Paolo ,011-4988555,Via Monte Bianco 34,Torino,10100,Italy
250,Lyon Souveniers,Da Silva,Daniel,+33 1 46 62 7555,27 rue du Colonel Pierre Avia,Paris,75508,France
256,Auto Associ�s & Cie.,Tonini,Daniel ,30.59.8555,67 avenue de l'Europe,Versailles,78000,France
259,Toms Spezialit�ten,Pfalzheim,Henriette ,0221-5554327,Mehrheimerstr. 369,Koln,50739,Germany
260,Royal Canadian Collectables,Lincoln,Elizabeth ,(604) 555-4555,23 Tsawassen Blvd.,Tsawassen BC,T2F 8M4,Canada
273,Franken Gifts Co,Franken,Peter ,089-0877555,Berliner Platz 43,Munchen,80805,Germany
276,Anna's Decorations,O'Hara,Anna,02 9936 8555,201 Miller Street,North Sydney,2060,Australia
278,Rovelli Gifts,Rovelli,Giovanni ,035-640555,Via Ludovico il Moro 22,Bergamo,24100,Italy
282,Souveniers And Things Co.,Huxley,Adrian,+61 2 9495 8555,815 Pacific Hwy,Chatswood NSW,2067,Australia
286,Marta's Replicas Co.,Hernandez,Marta,6175558555,39323 Spinnaker Dr.,Cambridge MA,51247,USA
293,BG&E Collectables,Harrison,Ed,+41 26 425 50 01,Rte des Arsenaux 41 ,Fribourg,1700,Switzerland
298,Vida Sport,Holz,Mihael,0897-034555,Grenzacherweg 237,Geneve,1203,Switzerland
299,Norway Gifts By Mail Co.,Klaeboe,Jan,+47 2212 1555,Drammensveien 126A,Oslo,106,Norway  
303,Schuyler Imports,Schuyler,Bradley,+31 20 491 9555,Kingsfordweg 151,Amsterdam,1043 GR,Netherlands
307,Der Hund Imports,Andersen,Mel,030-0074555,Obere Str. 57,Berlin,12209,Germany
311,Oulu Toy Supplies,Koskitalo,Pirkko,981-443655,Torikatu 38,Oulu,90110,Finland
314,Petit Auto,Dewey,Catherine ,(02) 5554 67,Rue Joseph-Bens 532,Bruxelles,B-1180,Belgium
319,Mini Classics,Frick,Steve,9145554562,3758 North Pendale Street,White Plains NY,24067,USA
320,Mini Creations Ltd.,Huang,Wing,5085559555,4575 Hillside Dr.,New Bedford MA,50553,USA
321,Corporate Gift Ideas Co.,Brown,Julie,6505551386,7734 Strong St.,San Francisco CA,94217,USA
323,Down Under Souveniers,Graham,Mike,+64 9 312 5555,162-164 Grafton Road,Auckland,849485,New Zealand
324,Stylish Desk Decors Co.,Brown,Ann ,(171) 555-0297,35 King George,London,WX3 6FW,UK
328,Tekni Collectables Inc.,Brown,William,2015559350,7476 Moss Rd.,Newark NJ,94019,USA
333,Australian Gift Network Co,Calaghan,Ben,61-7-3844-6555,31 Duncan St. West End,South Brisbane,4101,Australia
334,Suominen Souveniers,Suominen,Kalle,+358 9 8045 555,Software Engineering Center,Espoo,FIN-02271,Finland
335,Cramer Spezialit�ten,Cramer,Philip ,0555-09555,Maubelstr. 90,Brandenburg,14776,Germany
339,Classic Gift Ideas,Cervantes,Francisca,2155554695,782 First Street,Philadelphia PA,71270,USA
344,CAF Imports,Fernandez,Jesus,+34 913 728 555,27-30 Merchant's Quay,Madrid,28023,Spain
347,Men 'R' US Retailers,Chandler,Brian,2155554369,6047 Douglas Av.,Los Angeles CA,91003,USA
348,Asian Treasures,McKenna,Patricia ,2967 555,8 Johnstown Road,Cork,484940,Ireland
350,Marseille Mini Autos,Lebihan,Laurence ,91.24.4555,12  rue des Bouchers,Marseille,13008,France
353,Reims Collectables,Henriot,Paul ,26.47.1555,59 rue de l'Abbaye,Reims,51100,France
356,SAR Distributors Co,Kuger,Armand,+27 21 550 3555,1250 Pretorius Street,Hatfield Pretoria,28,South Africa
357,GiftsForHim.com,MacKinlay,Wales,64-9-3763555,199 Great North Road,Auckland,12563,New Zealand
361,Kommission Auto,Josephs,Karin,0251-555259,Luisenstr. 48,Munster,44087,Germany
362,Gifts4AllAges.com,Yoshido,Juri,6175559555,8616 Spinnaker Dr.,Boston MA,51003,USA
363,Online Diecast Creations Co.,Young,Dorothy,6035558647,2304 Long Airport Avenue,Nashua NH,62005,USA
369,Lisboa Souveniers,Rodriguez,Lino ,(1) 354-2555,Jardim das rosas n. 32,Lisboa,3533,Portugal
376,Precious Collectables,Urs,Braun,0452-076555,Hauptstr. 29,Bern,3012,Switzerland
379,Collectables For Less Inc.,Nelson,Allen,6175558555,7825 Douglas Av.,Brickhaven MA,58339,USA
381,Royale Belge,Cartrain,Pascale ,(071) 23 67 2555,Boulevard Tirou,Charleroi,B-6000,Belgium
382,Salzburg Collectables,Pipps,Georg ,6562-9555,Geislweg 14,Salzburg,5020,Austria
385,Cruz & Sons Co.,Cruz,Arnold,+63 2 555 3587,15 McCallum Street,Makati City,1227 MM,Philippines
386,L'ordine Souveniers,Moroni,Maurizio ,0522-556555,Strada Provinciale 124,Reggio Emilia,15645,Italy
398,Tokyo Collectables, Ltd,Shimamura,Akiko,+81 3 3584 0555,Tokyo,106-0032,Japan
406,Auto Canal+ Petit,Perrier,Dominique,(1) 47.55.6555,25  rue Lauriston,Paris,75016,France
409,Stuttgart Collectable Exchange,M�ller,Rita ,0711-555361,Adenauerallee 900,Stuttgart,4564654,Germany
412,Extreme Desk Decorations,McRoy,Sarah,04 499 9555,101 Lambton Quay,Wellington,54654,New Zealand
415,Bavarian Collectables Imports Co.,Donnermeyer,Michael, +49 89 61 08 9555,Hansastr. 15,Munich,468412,Germany
424,Classic Legends Inc.,Hernandez,Maria,2125558493,5905 Pompton St.,NYC NY,10022,USA
443,Feuer Online Stores,Feuer,Alexander ,0342-555176,Heerstr. 22,Leipzig,4956,Germany
447,Gift Ideas Corp.,Lewis,Dan,2035554407,2440 Pompton St.,Glendale CT,97561,USA
448,Scandinavian Gift Ideas,Larsson,Martha,0695-34 6555,Kergatan 24,Stockholm,465489,Sweden
450,The Sharp Gifts Warehouse,Frick,Sue,4085553659,3086 Ingle Ln.,San Jose CA,94217,USA
452,Mini Auto Werke,Mendel,Roland ,7675-3555,Kirchgasse 6,Graz,8010,Austria
455,Super Scale Inc.,Murphy,Leslie,2035559545,567 North Pendale Street,New Haven CT,97823,USA
456,Microscale Inc.,Choi,Yu,2125551957,5290 North Pendale Street,NYC NY,10022,USA
458,Corrida Auto Replicas,Sommer,Mart�n ,(91) 555 22 82,C/ Araquil, Madrid,28461,Spain
459,Warburg Exchange,Ottlieb,Sven ,0241-039123,Walserweg 21,Aachen,46561,Germany
462,FunGiftIdeas.com,Benitez,Violeta,5085552555,1785 First StreetNew Bedford,MA,50553,USA
465,Anton Designs,Anton,Carmen,+34 913 728555,c/ Gobelas,Madrid,28465,Spain
471,Australian Collectables,Clenahan,Sean,61-9-3844-6555,7 Allen StreetGlen Waverly,Victoria,3150,Australia
473,Frau da Collezione,Ricotti,Franco,+39 022515555,20093 Cologno Monzese,Milan,15642,Italy
475,West Coast Collectables Co.,Thompson,Steve,3105553722,3675 Furth Circle,Burbank CA,94019,USA
477,Mit Vergn�gen & Co.,Moos,Hanna ,0621-08555,Forsterstr. 57,Mannheim,68549,Germany
480,Kremlin Collectables Co.,Semenov,Alexander ,+7 812 293 0521,2 Pobedy Square,St Petersburg,19548,Russia
481,Raanan Stores,Altagar,Raanan,+ 972 9 959 8555,3 Hagalim Blv.Herzlia47625,Tel Aviv,164800,Israel
484,Iberia Gift Imports Corp.,Roel,Jos� Pedro ,(95) 555 82 82,C/ Romero,Sevilla,156454,Spain
486,Motor Mint Distributors Inc.,Salazar,Rosa,2155559857,11328 Douglas Av.,Philadelphia PA,71270,USA
487,Signal Collectibles Ltd.,Taylor,Sue,4155554312,2793 Furth CircleBrisbane,San Francisco CA,94217,USA
489,Double Decker Gift Stores,Smith,Thomas ,(171) 555-7555,120 Hanover Sq,London,156546,UK
495,Diecast Collectables,Franco,Valarie,6175552555,6251 Ingle Ln.,Boston MA,51003,USA
496,Kelly's Gift Shop,Snowden,Tony,+64 9 5555500,Arenales 1938 3,Auckland,156546,New Zealand
